INSERT INTO Agencies (agency_id, name, type, contact) VALUES
('A001', 'National Science Foundation', 'Government', 987654321),
('A002', 'Dept. of Energy Research', 'Government', 987654322),
('A003', 'Gates Foundation', 'Non-Profit', 987654323),
('A004', 'Tech Innovate Fund', 'Private', 987654324),
('A005', 'Health Research Council', 'Government', 987654325),
('A006', 'Future Tech Ventures', 'Private', 987654326),
('A007', 'Global Environment Fund', 'Non-Profit', 987654327),
('A008', 'Quantum Computing Initiative', 'Private', 987654328),
('A009', 'BioMed Partners', 'Private', 987654329),
('A010', 'Space Exploration Grant Corp', 'Government', 987654310),
('A011', 'Advanced Materials Consortium', 'Private', 987654311),
('A012', 'AI For Good Foundation', 'Non-Profit', 987654312),
('A013', 'National Institute of Health', 'Government', 987654313),
('A014', 'Innovate UK', 'Government', 987654314),
('A015', 'Wellcome Trust', 'Non-Profit', 987654315),
('A016', 'Alpha Research Group', 'Private', 987654316),
('A017', 'Clean Energy Alliance', 'Non-Profit', 987654317),
('A018', 'Cybersecurity Research Board', 'Government', 987654318),
('A019', 'Oceanic Preservation Society', 'Non-Profit', 987654319),
('A020', 'Robotics Advancement Fund', 'Private', 987654320);

INSERT INTO Publications (publication_id, title, journal, publication_date, DOI) VALUES
('PUB01', 'Quantum Entanglement in Solids', 'Journal of Physics', '2023-05-12', '10.1001/jphys.2023.111'),
('PUB02', 'AI in Drug Discovery', 'Nature Medicine', '2024-01-20', '10.1002/natmed.2024.222'),
('PUB03', 'Graphene-Based Supercapacitors', 'Applied Chemistry', '2022-11-30', '10.1003/achem.2022.333'),
('PUB04', 'Neural Network Optimization', 'Journal of AI Research', '2023-08-15', '10.1004/jair.2023.444'),
('PUB05', 'CRISPR Gene Editing Outcomes', 'Cell Biology Today', '2024-03-05', '10.1005/cell.2024.555'),
('PUB06', 'High-Frequency Trading Algorithms', 'Financial Computing', '2022-07-21', '10.1006/fcomp.2022.666'),
('PUB07', 'Structural Analysis of Bridges', 'Civil Engineering Journal', '2023-02-18', '10.1007/civil.2023.777'),
('PUB08', 'Dark Matter Particle Simulation', 'Astrophysics Monthly', '2024-06-09', '10.1008/astro.2024.888'),
('PUB09', 'Biodegradable Polymer Synthesis', 'Macromolecules', '2023-10-01', '10.1009/macro.2023.999'),
('PUB10', 'Machine Learning for Climate Models', 'Science', '2024-04-25', '10.1010/science.2024.101'),
('PUB11', 'VLSI Circuit Design Efficiency', 'IEEE Transactions', '2022-09-14', '10.1011/ieee.2022.112'),
('PUB12', 'Seismic Data Processing', 'Geophysics', '2023-06-30', '10.1012/geo.2023.123'),
('PUB13', 'Post-Quantum Cryptography', 'Journal of Cryptology', '2024-02-28', '10.1013/crypt.2024.134'),
('PUB14', 'Robotic Arm Motion Planning', 'Intl. Journal of Robotics', '2023-01-10', '10.1014/ijr.2023.145'),
('PUB15', 'Fluid Dynamics in Microgravity', 'Aerospace Engineering', '2022-12-05', '10.1015/aero.2022.156'),
('PUB16', 'Boolean Satisfiability Problems', 'Journal of Computer Science', '2023-04-19', '10.1016/jcs.2023.167'),
('PUB17', 'Carbon Sequestration Techniques', 'Environmental Science', '2024-05-22', '10.1017/env.2024.178'),
('PUB18', 'Differential Equation Solvers', 'Applied Mathematics', '2023-07-07', '10.1018/amath.2023.189'),
('PUB19', 'Protein Folding Simulation', 'Journal of Molecular Biology', '2022-10-11', '10.1019/jmb.2022.190'),
('PUB20', 'Smart Grid Power Distribution', 'Power Systems Journal', '2024-07-15', '10.1020/psj.2024.201');


INSERT INTO Departments (department_id, department_name, hod) VALUES
('D001', 'Computer Science', NULL),
('D002', 'Physics', NULL),
('D003', 'Biology', NULL),
('D004', 'Chemistry', NULL),
('D005', 'Electrical Engineering', NULL),
('D006', 'Mechanical Engineering', NULL),
('D007', 'Mathematics', NULL),
('D008', 'Civil Engineering', NULL);

INSERT INTO Researchers (researcher_id, name, email, position, department) VALUES
('R001', 'Dr. Evelyn Reed', 'e.reed@university.edu', 'Professor', 'D001'),
('R002', 'Dr. Samuel Chen', 's.chen@university.edu', 'Professor', 'D002'),
('R003', 'Dr. Olivia Garcia', 'o.garcia@university.edu', 'Professor', 'D003'),
('R004', 'Dr. Leo Martinez', 'l.martinez@university.edu', 'Professor', 'D004'),
('R005', 'Dr. Chloe Kim', 'c.kim@university.edu', 'Professor', 'D005'),
('R006', 'Dr. Benjamin Carter', 'b.carter@university.edu', 'Professor', 'D006'),
('R007', 'Dr. Sofia Rodriguez', 's.rodriguez@university.edu', 'Professor', 'D007'),
('R008', 'Dr. Ethan Wright', 'e.wright@university.edu', 'Professor', 'D008'),
('R009', 'Alice Johnson', 'a.johnson@university.edu', 'PhD Student', 'D001'),
('R010', 'Bob Williams', 'b.williams@university.edu', 'PhD Student', 'D001'),
('R011', 'Charlie Brown', 'c.brown@university.edu', 'Postdoc', 'D002'),
('R012', 'Diana Miller', 'd.miller@university.edu', 'Associate Professor', 'D002'),
('R013', 'Frank Wilson', 'f.wilson@university.edu', 'Research Scientist', 'D003'),
('R014', 'Grace Lee', 'g.lee@university.edu', 'PhD Student', 'D003'),
('R015', 'Henry Taylor', 'h.taylor@university.edu', 'Associate Professor', 'D004'),
('R016', 'Ivy Anderson', 'i.anderson@university.edu', 'Postdoc', 'D004'),
('R017', 'Jack Thomas', 'j.thomas@university.edu', 'Research Scientist', 'D005'),
('R018', 'Kate Moore', 'k.moore@university.edu', 'PhD Student', 'D005'),
('R019', 'Liam Jackson', 'l.jackson@university.edu', 'Associate Professor', 'D006'),
('R020', 'Mia White', 'm.white@university.edu', 'Postdoc', 'D006'),
('R021', 'Noah Harris', 'n.harris@university.edu', 'Research Scientist', 'D007'),
('R022', 'Olivia Clark', 'o.clark@university.edu', 'PhD Student', 'D007'),
('R023', 'Peter Lewis', 'p.lewis@university.edu', 'Associate Professor', 'D008'),
('R024', 'Quinn Hall', 'q.hall@university.edu', 'Postdoc', 'D008'),
('R025', 'Rachel Green', 'r.green@university.edu', 'Research Scientist', 'D001'),
('R026', 'Steve Rogers', 's.rogers@university.edu', 'PhD Student', 'D002'),
('R027', 'Tony Stark', 't.stark@university.edu', 'Postdoc', 'D005'),
('R028', 'Bruce Banner', 'b.banner@university.edu', 'Associate Professor', 'D003'),
('R029', 'Natasha Romanoff', 'n.romanoff@university.edu', 'PhD Student', 'D001'),
('R030', 'Clint Barton', 'c.barton@university.edu', 'Research Scientist', 'D002'),
('R031', 'Wanda Maximoff', 'w.maximoff@university.edu', 'Postdoc', 'D007'),
('R032', 'Peter Parker', 'p.parker@university.edu', 'PhD Student', 'D004'),
('R033', 'Stephen Strange', 's.strange@university.edu', 'Associate Professor', 'D003'),
('R034', 'Carol Danvers', 'c.danvers@university.edu', 'Research Scientist', 'D006'),
('R035', 'TChalla Udaku', 't.udaku@university.edu', 'Postdoc', 'D008'),
('R036', 'James Rhodes', 'j.rhodes@university.edu', 'Associate Professor', 'D006'),
('R037', 'Sam Wilson', 's.wilson@university.edu', 'PhD Student', 'D008'),
('R038', 'Bucky Barnes', 'b.barnes@university.edu', 'Research Scientist', 'D006'),
('R039', 'Hope Pym', 'h.pym@university.edu', 'Postdoc', 'D003'),
('R040', 'Scott Lang', 's.lang@university.edu', 'PhD Student', 'D005'),
('R041', 'Dr. Hannah Schmidt', 'h.schmidt@university.edu', 'Associate Professor', 'D001'),
('R042', 'Dr. Ivan Petrov', 'i.petrov@university.edu', 'Research Scientist', 'D004'),
('R043', 'Mei Lin', 'm.lin@university.edu', 'PhD Student', 'D003'),
('R044', 'Kenji Tanaka', 'k.tanaka@university.edu', 'Postdoc', 'D002'),
('R045', 'Fatima Al-Jamil', 'f.aljamil@university.edu', 'PhD Student', 'D007'),
('R046', 'David Chen', 'd.chen@university.edu', 'Research Scientist', 'D001'),
('R047', 'Laura Bailey', 'l.bailey@university.edu', 'Associate Professor', 'D005'),
('R048', 'Michael Rivera', 'm.rivera@university.edu', 'Postdoc', 'D008'),
('R049', 'Nina Dobrev', 'n.dobrev@university.edu', 'PhD Student', 'D006'),
('R050', 'Paul Wesley', 'p.wesley@university.edu', 'Research Scientist', 'D007');


UPDATE Departments SET hod = 'R001' WHERE department_id = 'D001';
UPDATE Departments SET hod = 'R002' WHERE department_id = 'D002';
UPDATE Departments SET hod = 'R003' WHERE department_id = 'D003';
UPDATE Departments SET hod = 'R004' WHERE department_id = 'D004';
UPDATE Departments SET hod = 'R005' WHERE department_id = 'D005';
UPDATE Departments SET hod = 'R006' WHERE department_id = 'D006';
UPDATE Departments SET hod = 'R007' WHERE department_id = 'D007';
UPDATE Departments SET hod = 'R008' WHERE department_id = 'D008';


INSERT INTO Research_Projects (project_id, title, abstract, start_date, end_date, leader_id) VALUES
('PRJ01', 'Advanced AI Algorithms', 'Developing next-gen AI for data analysis.', '2023-01-15', '2025-01-14', 'R001'),
('PRJ02', 'Quantum State Simulation', 'Simulating quantum particle behavior.', '2022-09-01', '2024-08-31', 'R002'),
('PRJ03', 'Gene Sequencing Study', 'A study on the human genome.', '2023-03-10', '2026-03-09', 'R003'),
('PRJ04', 'Catalyst Efficiency Research', 'Improving chemical reaction catalysts.', '2023-06-20', '2025-06-19', 'R004'),
('PRJ05', 'Low-Power Circuit Design', 'Designing energy-efficient microchips.', '2022-11-05', '2024-11-04', 'R005'),
('PRJ06', 'Robotics Automation', 'Automating manufacturing with robotics.', '2023-02-28', '2025-08-28', 'R006'),
('PRJ07', 'Number Theory Analysis', 'Exploring unsolved problems in number theory.', '2024-01-01', '2026-12-31', 'R007'),
('PRJ08', 'Sustainable Infrastructure', 'Research on eco-friendly building materials.', '2023-04-12', '2025-10-12', 'R008'),
('PRJ09', 'Natural Language Processing', 'Teaching computers to understand human language.', '2023-09-01', '2025-09-01', 'R041'),
('PRJ10', 'Exoplanet Discovery', 'Searching for planets outside our solar system.', '2024-02-15', NULL, 'R012'),
('PRJ11', 'Cancer Cell Research', 'Investigating metastasis in cancer cells.', '2023-05-18', '2026-05-17', 'R028'),
('PRJ12', 'New Polymer Development', 'Creating novel polymers for industrial use.', '2022-10-01', '2024-09-30', 'R015'),
('PRJ13', '5G Network Optimization', 'Improving speed and reliability of 5G networks.', '2023-07-07', '2025-01-07', 'R047'),
('PRJ14', 'Autonomous Vehicle Navigation', 'Developing navigation systems for self-driving cars.', '2023-11-20', NULL, 'R019'),
('PRJ15', 'Complex Systems Modeling', 'Mathematical models for complex social systems.', '2024-03-01', '2026-03-01', 'R021'),
('PRJ16', 'Bridge Stress Testing', 'Simulating load stress on bridge designs.', '2023-08-10', '2024-12-10', 'R023'),
('PRJ17', 'Machine Learning Security', 'Protecting ML models from adversarial attacks.', '2024-04-05', '2026-04-04', 'R001'),
('PRJ18', 'Astroparticle Physics', 'Studying the intersection of particle physics and astro.', '2023-12-01', '2025-12-01', 'R002'),
('PRJ19', 'Bioinformatics Pipeline', 'Developing software for biological data analysis.', '2024-05-30', NULL, 'R003'),
('PRJ20', 'Green Chemistry Synthesis', 'Environmentally friendly chemical synthesis.', '2023-10-15', '2025-10-14', 'R004'),
('PRJ21', 'Signal Processing for IoT', 'Efficient signal processing for IoT devices.', '2024-06-10', '2026-06-09', 'R005'),
('PRJ22', 'Additive Manufacturing', 'Research into advanced 3D printing materials.', '2023-11-01', '2025-05-01', 'R036'),
('PRJ23', 'Abstract Algebra Research', 'Furthering the study of abstract algebraic structures.', '2024-07-01', '2027-06-30', 'R007'),
('PRJ24', 'Water Purification Tech', 'Developing new methods for water purification.', '2023-09-20', '2025-03-20', 'R023'),
('PRJ25', 'Quantum Cryptography', 'Developing secure communication using quantum mechanics.', '2024-08-01', NULL, 'R041');

INSERT INTO Equipments (equipment_id, equipment_name, model, managed_by) VALUES
('E001', 'Supercomputer Cluster', 'Cray XC50', 'D001'),
('E002', 'NVIDIA DGX A100 Server', 'A100', 'D001'),
('E003', 'Quantum Annealer', 'D-Wave 2000Q', 'D002'),
('E004', 'Particle Accelerator', 'LINAC-150', 'D002'),
('E005', 'Electron Microscope', 'JEOL JEM-ARM200F', 'D003'),
('E006', 'DNA Sequencer', 'Illumina NovaSeq', 'D003'),
('E007', 'Mass Spectrometer', 'Thermo Orbitrap', 'D004'),
('E008', 'NMR Spectrometer', 'Bruker Avance III', 'D004'),
('E009', 'Network Analyzer', 'Keysight PNA-X', 'D005'),
('E010', 'Clean Room Facility', 'Class 100', 'D005'),
('E011', 'Wind Tunnel', 'Subsonic WT-400', 'D006'),
('E012', '3D Metal Printer', 'EOS M 290', 'D006'),
('E013', 'High-Performance Computing Cluster', 'HPC-Math-01', 'D007'),
('E014', 'Anechoic Chamber', 'RF-Shielded-AC', 'D005'),
('E015', 'Hydraulic Press', 'H-Frame 100T', 'D008'),
('E016', 'Universal Testing Machine', 'Instron 5985', 'D008'),
('E017', 'Gas Chromatograph', 'Agilent 7890B', 'D004'),
('E018', 'Flow Cytometer', 'BD FACSAria', 'D003'),
('E019', 'Telescope Array', 'Celestron Astro-Array', 'D002'),
('E020', 'GPU Workstation Farm', '30x RTX 4090', 'D001'),
('E021', 'Atomic Force Microscope', 'AFM-5500', 'D002'),
('E022', 'Centrifuge', 'Beckman Coulter Optima', 'D003'),
('E023', 'FTIR Spectrometer', 'PerkinElmer Spectrum Two', 'D004'),
('E024', 'Oscilloscope', 'Tektronix MSO Series 6', 'D005'),
('E025', 'CNC Mill', 'Haas VF-2', 'D006'),
('E026', 'Large-Scale Plotter', 'HP DesignJet Z9', 'D007'),
('E027', 'Soil Mechanics Test System', 'GDS Triaxial', 'D008'),
('E028', 'VR Development Kit', 'Varjo XR-3', 'D001'),
('E029', 'Laser Interferometer', 'LIGO Replica', 'D002'),
('E030', 'PCR Machine', 'Bio-Rad CFX96', 'D003'),
('E031', 'X-ray Diffractometer', 'Rigaku SmartLab', 'D004'),
('E032', 'Spectrum Analyzer', 'Rohde & Schwarz FSW', 'D005'),
('E033', 'Robotic Arm', 'KUKA KR 210', 'D006'),
('E034', 'Concrete Compression Tester', 'Forney F-650', 'D008'),
('E035', 'Server Rack (General Purpose)', 'Dell R740', 'D001'),
('E036', 'Laser Cooling System', 'Cryo-LCS-10', 'D002'),
('E037', 'Incubator', 'Thermo Heracell VIOS', 'D003'),
('E038', 'Rotary Evaporator', 'Buchi R-300', 'D004'),
('E039', 'Logic Analyzer', 'LA-5000', 'D005'),
('E040', 'Materials Fatigue Tester', 'MTS Landmark', 'D006');

INSERT INTO Grants (grant_id, title, amount, year, given_by) VALUES
('G001', 'AI Advancement', 500000.00, 2023, 'A001'),
('G002', 'Quantum Research', 750000.50, 2022, 'A002'),
('G003', 'Genomic Studies', 1200000.00, 2023, 'A003'),
('G004', 'Chem-Innovate', 300000.75, 2023, 'A004'),
('G005', 'Microchip Design', 450000.00, 2022, 'A006'),
('G006', 'Robotics Initiative', 600000.00, 2023, 'A008'),
('G007', 'Pure Mathematics', 150000.25, 2024, 'A001'),
('G008', 'Green Construction', 800000.00, 2023, 'A007'),
('G009', 'NLP Development', 250000.00, 2023, 'A012'),
('G010', 'Astronomy Grant', 950000.00, 2024, 'A010'),
('G011', 'Oncology Research', 1500000.00, 2023, 'A005'),
('G012', 'Polymer Science', 220000.50, 2022, 'A011'),
('G013', 'NextGen Networks', 550000.00, 2023, 'A006'),
('G014', 'Autonomous Systems', 1100000.00, 2023, 'A008'),
('G015', 'Systems Modeling', 180000.00, 2024, 'A001'),
('G016', 'Civil Engineering Fund', 400000.00, 2023, 'A014'),
('G017', 'Cybersecurity Fund', 650000.00, 2024, 'A018'),
('G018', 'Particle Physics Grant', 850000.00, 2023, 'A002'),
('G019', 'Bioinformatics Grant', 350000.00, 2024, 'A009'),
('G020', 'Eco-Chemistry', 280000.80, 2023, 'A017'),
('G021', 'IoT Research', 320000.00, 2024, 'A006'),
('G022', '3D Printing Materials', 190000.00, 2023, 'A011'),
('G023', 'Algebra Fellowship', 90000.00, 2024, 'A015'),
('G024', 'Water Tech Grant', 480000.00, 2023, 'A007'),
('G025', 'Quantum Security', 990000.00, 2024, 'A018'),
('G026', 'AI Ethics Research', 75000.00, 2023, 'A012'),
('G027', 'Dark Energy Study', 1250000.00, 2022, 'A002'),
('G028', 'Medical Research Grant', 2000000.00, 2023, 'A013'),
('G029', 'Catalysis Grant', 410000.00, 2023, 'A004'),
('G030', 'Semiconductor Research', 620000.00, 2022, 'A006'),
('G031', 'Manufacturing Automation', 730000.00, 2023, 'A008'),
('G032', 'Topology Research', 110000.00, 2024, 'A001'),
('G033', 'Structural Integrity', 330000.00, 2023, 'A014'),
('G034', 'Language Model Training', 580000.00, 2023, 'A004'),
('G035', 'Telescope Upgrade Grant', 1800000.00, 2024, 'A010'),
('G036', 'Virology Studies', 950000.00, 2023, 'A005'),
('G037', 'Advanced Materials', 275000.00, 2022, 'A011'),
('G038', 'Wireless Communication', 515000.00, 2023, 'A006'),
('G039', 'Drone Technology', 850000.00, 2023, 'A020'),
('G040', 'Mathematical Physics', 135000.00, 2024, 'A001'),
('G041', 'Urban Planning Tech', 250000.00, 2023, 'A007'),
('G042', 'Adversarial ML', 400000.00, 2024, 'A018'),
('G043', 'High Energy Physics', 780000.00, 2023, 'A002'),
('G044', 'Computational Biology', 380000.00, 2024, 'A009'),
('G045', 'Sustainable Chemistry', 200000.00, 2023, 'A017'),
('G046', 'Embedded Systems', 150000.00, 2024, 'A006'),
('G047', 'Advanced Manufacturing', 450000.00, 2023, 'A011'),
('G048', 'Number Theory Fellowship', 80000.00, 2024, 'A015'),
('G049', 'Environmental Engineering', 300000.00, 2023, 'A017'),
('G050', 'Post-Quantum Security', 1100000.00, 2024, 'A018');


INSERT INTO Members (project_id, researcher_id, role) VALUES

('PRJ01', 'R001', 'Principal Investigator'), ('PRJ01', 'R009', 'PhD Student'), ('PRJ01', 'R010', 'PhD Student'), ('PRJ01', 'R025', 'Research Scientist'), ('PRJ01', 'R041', 'Co-Investigator'),
('PRJ02', 'R002', 'Principal Investigator'), ('PRJ02', 'R011', 'Postdoc'), ('PRJ02', 'R012', 'Co-Investigator'), ('PRJ02', 'R026', 'PhD Student'), ('PRJ02', 'R030', 'Research Scientist'), ('PRJ02', 'R044', 'Postdoc'),
('PRJ03', 'R003', 'Principal Investigator'), ('PRJ03', 'R013', 'Research Scientist'), ('PRJ03', 'R014', 'PhD Student'), ('PRJ03', 'R028', 'Co-Investigator'),
('PRJ04', 'R004', 'Principal Investigator'), ('PRJ04', 'R015', 'Co-Investigator'), ('PRJ04', 'R016', 'Postdoc'), ('PRJ04', 'R032', 'PhD Student'), ('PRJ04', 'R042', 'Research Scientist'),
('PRJ05', 'R005', 'Principal Investigator'), ('PRJ05', 'R017', 'Research Scientist'), ('PRJ05', 'R018', 'PhD Student'), ('PRJ05', 'R027', 'Postdoc'), ('PRJ05', 'R040', 'PhD Student'), ('PRJ05', 'R047', 'Co-Investigator'),
('PRJ06', 'R006', 'Principal Investigator'), ('PRJ06', 'R019', 'Co-Investigator'), ('PRJ06', 'R020', 'Postdoc'), ('PRJ06', 'R034', 'Research Scientist'),
('PRJ07', 'R007', 'Principal Investigator'), ('PRJ07', 'R021', 'Research Scientist'), ('PRJ07', 'R022', 'PhD Student'), ('PRJ07', 'R031', 'Postdoc'), ('PRJ07', 'R045', 'PhD Student'),
('PRJ08', 'R008', 'Principal Investigator'), ('PRJ08', 'R023', 'Co-Investigator'), ('PRJ08', 'R024', 'Postdoc'), ('PRJ08', 'R035', 'Postdoc'), ('PRJ08', 'R037', 'PhD Student'), ('PRJ08', 'R048', 'Postdoc'),
('PRJ09', 'R041', 'Principal Investigator'), ('PRJ09', 'R001', 'Co-Investigator'), ('PRJ09', 'R029', 'PhD Student'), ('PRJ09', 'R046', 'Research Scientist'),
('PRJ10', 'R012', 'Principal Investigator'), ('PRJ10', 'R002', 'Co-Investigator'), ('PRJ10', 'R030', 'Research Scientist'), ('PRJ10', 'R026', 'PhD Student'), ('PRJ10', 'R044', 'Postdoc'),
('PRJ11', 'R028', 'Principal Investigator'), ('PRJ11', 'R003', 'Co-Investigator'), ('PRJ11', 'R033', 'Co-Investigator'), ('PRJ11', 'R039', 'Postdoc'), ('PRJ11', 'R013', 'Research Scientist'), ('PRJ11', 'R014', 'PhD Student'), ('PRJ11', 'R043', 'PhD Student'), ('PRJ11', 'R013', 'Research Scientist'),
('PRJ12', 'R015', 'Principal Investigator'), ('PRJ12', 'R004', 'Co-Investigator'), ('PRJ12', 'R032', 'PhD Student'), ('PRJ12', 'R016', 'Postdoc'),
('PRJ13', 'R047', 'Principal Investigator'), ('PRJ13', 'R005', 'Co-Investigator'), ('PRJ13', 'R027', 'Postdoc'), ('PRJ13', 'R018', 'PhD Student'), ('PRJ13', 'R040', 'PhD Student'),
('PRJ14', 'R019', 'Principal Investigator'), ('PRJ14', 'R036', 'Co-Investigator'), ('PRJ14', 'R034', 'Research Scientist'), ('PRJ14', 'R006', 'Co-Investigator'), ('PRJ14', 'R038', 'Research Scientist'), ('PRJ14', 'R049', 'PhD Student'),
('PRJ15', 'R021', 'Principal Investigator'), ('PRJ15', 'R007', 'Co-Investigator'), ('PRJ15', 'R050', 'Research Scientist'), ('PRJ15', 'R045', 'PhD Student'),
('PRJ16', 'R023', 'Principal Investigator'), ('PRJ16', 'R008', 'Co-Investigator'), ('PRJ16', 'R035', 'Postdoc'), ('PRJ16', 'R037', 'PhD Student'),
('PRJ17', 'R001', 'Principal Investigator'), ('PRJ17', 'R041', 'Co-Investigator'), ('PRJ17', 'R046', 'Research Scientist'), ('PRJ17', 'R009', 'PhD Student'), ('PRJ17', 'R029', 'PhD Student'),
('PRJ18', 'R002', 'Principal Investigator'), ('PRJ18', 'R044', 'Postdoc'), ('PRJ18', 'R012', 'Co-Investigator'), ('PRJ18', 'R011', 'Postdoc'),
('PRJ19', 'R003', 'Principal Investigator'), ('PRJ19', 'R013', 'Research Scientist'), ('PRJ19', 'R043', 'PhD Student'), ('PRJ19', 'R028', 'Co-Investigator'), ('PRJ19', 'R039', 'Postdoc'),
('PRJ20', 'R004', 'Principal Investigator'), ('PRJ20', 'R042', 'Research Scientist'), ('PRJ20', 'R016', 'Postdoc'), ('PRJ20', 'R015', 'Co-Investigator'),
('PRJ21', 'R005', 'Principal Investigator'), ('PRJ21', 'R040', 'PhD Student'), ('PRJ21', 'R017', 'Research Scientist'), ('PRJ21', 'R027', 'Postdoc'),
('PRJ22', 'R036', 'Principal Investigator'), ('PRJ22', 'R019', 'Co-Investigator'), ('PRJ22', 'R049', 'PhD Student'), ('PRJ22', 'R006', 'Co-Investigator'), ('PRJ22', 'R020', 'Postdoc'),
('PRJ23', 'R007', 'Principal Investigator'), ('PRJ23', 'R031', 'Postdoc'), ('PRJ23', 'R045', 'PhD Student'), ('PRJ23', 'R021', 'Research Scientist'),
('PRJ24', 'R023', 'Principal Investigator'), ('PRJ24', 'R048', 'Postdoc'), ('PRJ24', 'R037', 'PhD Student'), ('PRJ24', 'R008', 'Co-Investigator'),
('PRJ25', 'R041', 'Principal Investigator'), ('PRJ25', 'R009', 'PhD Student'), ('PRJ25', 'R010', 'PhD Student'), ('PRJ25', 'R025', 'Research Scientist'), ('PRJ25', 'R001', 'Co-Investigator');


INSERT INTO Authors (publication_id, researcher_id, re_order) VALUES
('PUB01', 'R002', 1), ('PUB01', 'R011', 2), ('PUB01', 'R026', 3), ('PUB01', 'R012', 4),
('PUB02', 'R003', 1), ('PUB02', 'R028', 2), ('PUB02', 'R013', 3), ('PUB02', 'R033', 4), ('PUB02', 'R039', 5),
('PUB03', 'R015', 1), ('PUB03', 'R004', 2), ('PUB03', 'R016', 3),
('PUB04', 'R001', 1), ('PUB04', 'R009', 2), ('PUB04', 'R010', 3), ('PUB04', 'R025', 4),
('PUB05', 'R003', 1), ('PUB05', 'R033', 2), ('PUB05', 'R014', 3), ('PUB05', 'R028', 4),
('PUB06', 'R041', 1), ('PUB06', 'R046', 2), ('PUB06', 'R029', 3),
('PUB07', 'R008', 1), ('PUB07', 'R023', 2), ('PUB07', 'R024', 3), ('PUB07', 'R037', 4),
('PUB08', 'R012', 1), ('PUB08', 'R030', 2), ('PUB08', 'R002', 3), ('PUB08', 'R044', 4),
('PUB09', 'R015', 1), ('PUB09', 'R016', 2), ('PUB09', 'R032', 3), ('PUB09', 'R042', 4),
('PUB10', 'R001', 1), ('PUB10', 'R025', 2), ('PUB10', 'R041', 3),
('PUB11', 'R005', 1), ('PUB11', 'R017', 2), ('PUB11', 'R018', 3), ('PUB11', 'R027', 4), ('PUB11', 'R047', 5),
('PUB12', 'R008', 1), ('PUB12', 'R035', 2), ('PUB12', 'R023', 3),
('PUB13', 'R041', 1), ('PUB13', 'R009', 2), ('PUB13', 'R001', 3), ('PUB13', 'R010', 4),
('PUB14', 'R019', 1), ('PUB14', 'R006', 2), ('PUB14', 'R038', 3), ('PUB14', 'R036', 4), ('PUB14', 'R049', 5),
('PUB15', 'R006', 1), ('PUB15', 'R034', 2), ('PUB15', 'R019', 3),
('PUB16', 'R041', 1), ('PUB16', 'R046', 2), ('PUB16', 'R001', 3), ('PUB16', 'R029', 4),
('PUB17', 'R021', 1), ('PUB17', 'R007', 2), ('PUB17', 'R045', 3), ('PUB17', 'R050', 4),
('PUB18', 'R007', 1), ('PUB18', 'R022', 2), ('PUB18', 'R031', 3),
('PUB19', 'R003', 1), ('PUB19', 'R039', 2), ('PUB19', 'R043', 3), ('PUB19', 'R013', 4), ('PUB19', 'R028', 5),
('PUB20', 'R005', 1), ('PUB20', 'R047', 2), ('PUB20', 'R017', 3), ('PUB20', 'R040', 4);

INSERT INTO Funded_By (project_id, grant_id, amount) VALUES
('PRJ01', 'G001', 500000.00), ('PRJ01', 'G034', 580000.00),
('PRJ02', 'G002', 750000.50), ('PRJ02', 'G043', 780000.00),
('PRJ03', 'G003', 1200000.00),
('PRJ04', 'G004', 300000.75), ('PRJ04', 'G029', 410000.00),
('PRJ05', 'G005', 450000.00), ('PRJ05', 'G030', 620000.00),
('PRJ06', 'G006', 600000.00), ('PRJ06', 'G031', 730000.00),
('PRJ07', 'G007', 150000.25),
('PRJ08', 'G008', 800000.00), ('PRJ08', 'G049', 300000.00),
('PRJ09', 'G009', 250000.00),
('PRJ10', 'G010', 950000.00), ('PRJ10', 'G035', 1800000.00),
('PRJ11', 'G011', 1500000.00), ('PRJ11', 'G028', 2000000.00), ('PRJ11', 'G036', 950000.00),
('PRJ12', 'G012', 220000.50), ('PRJ12', 'G037', 275000.00),
('PRJ13', 'G013', 550000.00), ('PRJ13', 'G038', 515000.00),
('PRJ14', 'G014', 1100000.00), ('PRJ14', 'G039', 850000.00),
('PRJ15', 'G015', 180000.00),
('PRJ16', 'G016', 400000.00), ('PRJ16', 'G033', 330000.00),
('PRJ17', 'G017', 650000.00), ('PRJ17', 'G042', 400000.00),
('PRJ18', 'G018', 850000.00), ('PRJ18', 'G027', 1250000.00),
('PRJ19', 'G019', 350000.00), ('PRJ19', 'G044', 380000.00),
('PRJ20', 'G020', 280000.80), ('PRJ20', 'G045', 200000.00),
('PRJ21', 'G021', 320000.00), ('PRJ21', 'G046', 150000.00),
('PRJ22', 'G022', 190000.00), ('PRJ22', 'G047', 450000.00),
('PRJ23', 'G023', 90000.00), ('PRJ23', 'G048', 80000.00),
('PRJ24', 'G024', 480000.00),
('PRJ25', 'G025', 990000.00), ('PRJ25', 'G050', 1100000.00);

INSERT INTO Result_in (project_id, publication_id) VALUES
('PRJ11', 'PUB02'), ('PRJ11', 'PUB05'), ('PRJ11', 'PUB19'),
('PRJ18', 'PUB01'), ('PRJ18', 'PUB08'),
('PRJ10', 'PUB08'), ('PRJ10', 'PUB01'),
('PRJ25', 'PUB13'), ('PRJ25', 'PUB04'),
('PRJ14', 'PUB14'), ('PRJ14', 'PUB15'),
('PRJ02', 'PUB01'),
('PRJ01', 'PUB04'), ('PRJ01', 'PUB10'),
('PRJ05', 'PUB11'), ('PRJ05', 'PUB20'),
('PRJ06', 'PUB14'),
('PRJ08', 'PUB07'), ('PRJ08', 'PUB12'),
('PRJ13', 'PUB11'),
('PRJ17', 'PUB16'), ('PRJ17', 'PUB06'),
('PRJ19', 'PUB19'),
('PRJ04', 'PUB03'), ('PRJ04', 'PUB09'),
('PRJ16', 'PUB12'),
('PRJ20', 'PUB09'),
('PRJ22', 'PUB15'),
('PRJ07', 'PUB18'),
('PRJ15', 'PUB17'),
('PRJ23', 'PUB18');


INSERT INTO Usage (equipment_id, researcher_id, project_id, start_timestamp, end_timestamp) VALUES
('E001', 'R009', 'PRJ01', '2024-02-10 10:00:00', '2024-02-12 18:00:00'),
('E002', 'R010', 'PRJ01', '2024-03-15 09:00:00', '2024-03-15 17:00:00'),
('E020', 'R025', 'PRJ01', '2024-05-20 00:00:00', '2024-05-25 23:59:59'),
('E028', 'R041', 'PRJ01', '2024-06-01 13:00:00', '2024-06-01 16:00:00'),
('E001', 'R029', 'PRJ09', '2024-07-05 10:00:00', '2024-07-08 10:00:00'),
('E020', 'R046', 'PRJ09', '2024-08-11 09:00:00', '2024-08-11 17:00:00'),
('E035', 'R001', 'PRJ17', '2024-09-01 00:00:00', '2025-01-01 00:00:00'),
('E002', 'R041', 'PRJ17', '2024-10-10 10:00:00', '2024-10-10 12:00:00'),
('E001', 'R009', 'PRJ25', '2025-02-01 12:00:00', '2025-02-10 12:00:00'),
('E020', 'R010', 'PRJ25', '2025-03-15 09:00:00', '2025-03-20 17:00:00'),

('E003', 'R011', 'PRJ02', '2023-09-15 08:30:00', '2023-09-15 12:30:00'),
('E004', 'R026', 'PRJ02', '2024-02-20 13:00:00', '2024-02-20 16:00:00'),
('E021', 'R012', 'PRJ02', '2024-04-18 11:00:00', '2024-04-18 15:30:00'),
('E036', 'R030', 'PRJ02', '2024-05-21 14:00:00', '2024-05-22 10:00:00'),
('E019', 'R030', 'PRJ10', '2024-08-11 22:00:00', '2024-08-12 04:00:00'),
('E029', 'R002', 'PRJ10', '2024-09-14 10:00:00', '2024-09-14 13:00:00'),
('E004', 'R011', 'PRJ18', '2024-10-05 09:00:00', '2024-10-07 17:00:00'),
('E021', 'R044', 'PRJ18', '2024-11-12 13:30:00', '2024-11-12 17:30:00'),

('E006', 'R014', 'PRJ03', '2023-12-10 11:00:00', '2023-12-11 11:00:00'),
('E005', 'R013', 'PRJ03', '2024-01-08 09:45:00', '2024-01-08 15:45:00'),
('E018', 'R028', 'PRJ03', '2024-03-03 10:00:00', '2024-03-03 12:00:00'),
('E030', 'R003', 'PRJ03', '2024-04-25 14:00:00', '2024-04-25 16:30:00'),
('E022', 'R033', 'PRJ11', '2024-05-15 09:00:00', '2024-05-15 11:00:00'),
('E037', 'R039', 'PRJ11', '2024-06-18 13:00:00', '2024-06-25 13:00:00'),
('E006', 'R043', 'PRJ11', '2024-07-22 10:00:00', '2024-07-24 18:00:00'),
('E001', 'R013', 'PRJ19', '2025-01-20 09:00:00', '2025-01-25 17:00:00'),
('E030', 'R043', 'PRJ19', '2025-03-01 11:00:00', '2025-03-01 12:00:00'),

('E007', 'R016', 'PRJ04', '2023-10-25 14:00:00', '2023-10-25 17:30:00'),
('E008', 'R015', 'PRJ04', '2024-03-12 10:15:00', '2024-03-12 18:00:00'),
('E017', 'R032', 'PRJ04', '2024-04-19 09:00:00', '2024-04-19 12:00:00'),
('E023', 'R042', 'PRJ12', '2024-05-28 15:00:00', '2024-05-28 17:00:00'),
('E031', 'R004', 'PRJ12', '2024-06-14 11:30:00', '2024-06-14 16:30:00'),
('E038', 'R016', 'PRJ12', '2024-07-09 10:00:00', '2024-07-09 11:00:00'),
('E007', 'R042', 'PRJ20', '2024-08-21 14:00:00', '2024-08-21 18:00:00'),
('E017', 'R015', 'PRJ20', '2024-09-17 09:30:00', '2024-09-17 12:30:00'),

('E010', 'R018', 'PRJ05', '2023-08-01 13:00:00', '2023-08-01 14:00:00'),
('E009', 'R017', 'PRJ05', '2023-09-05 10:00:00', '2023-09-05 16:00:00'),
('E014', 'R027', 'PRJ05', '2023-10-11 09:30:00', '2023-10-11 17:30:00'),
('E024', 'R040', 'PRJ13', '2024-01-15 13:00:00', '2024-01-15 15:00:00'),
('E032', 'R047', 'PRJ13', '2024-02-19 10:00:00', '2024-02-21 17:00:00'),
('E039', 'R005', 'PRJ13', '2024-03-22 09:00:00', '2024-03-22 12:00:00'),
('E009', 'R017', 'PRJ21', '2025-02-03 14:00:00', '2025-02-03 18:00:00'),
('E024', 'R027', 'PRJ21', '2025-04-07 11:00:00', '2025-04-07 13:00:00'),

('E011', 'R020', 'PRJ06', '2024-04-02 11:30:00', '2024-04-02 13:30:00'),
('E012', 'R019', 'PRJ06', '2024-05-16 09:00:00', '2024-05-18 17:00:00'),
('E025', 'R034', 'PRJ06', '2024-06-20 10:00:00', '2024-06-24 18:00:00'),
('E033', 'R036', 'PRJ14', '2024-07-15 09:00:00', '2024-07-19 17:00:00'),
('E040', 'R038', 'PRJ14', '2024-08-19 13:00:00', '2024-08-20 17:00:00'),
('E012', 'R049', 'PRJ14', '2024-09-23 10:00:00', '2024-09-25 16:00:00'),
('E025', 'R006', 'PRJ22', '2024-10-28 09:00:00', '2024-11-01 17:00:00'),
('E040', 'R019', 'PRJ22', '2024-11-18 13:00:00', '2024-11-19 17:00:00'),

('E013', 'R022', 'PRJ07', '2024-06-03 10:00:00', '2024-06-07 10:00:00'),
('E026', 'R021', 'PRJ07', '2024-07-08 14:00:00', '2024-07-08 15:00:00'),
('E013', 'R031', 'PRJ07', '2024-08-12 09:00:00', '2024-08-16 17:00:00'),
('E001', 'R045', 'PRJ15', '2024-09-09 10:00:00', '2024-09-13 18:00:00'),
('E026', 'R007', 'PRJ15', '2024-11-11 11:00:00', '2024-11-11 11:30:00'),
('E013', 'R021', 'PRJ23', '2025-01-06 09:00:00', '2025-01-10 17:00:00'),
('E013', 'R045', 'PRJ23', '2025-02-10 10:00:00', '2025-02-14 18:00:00'),

('E016', 'R024', 'PRJ08', '2024-01-22 15:00:00', '2024-01-22 17:00:00'),
('E015', 'R023', 'PRJ08', '2024-02-26 10:00:00', '2024-02-26 12:00:00'),
('E027', 'R035', 'PRJ08', '2024-03-18 09:00:00', '2024-03-22 17:00:00'),
('E034', 'R037', 'PRJ08', '2024-04-15 13:00:00', '2024-04-15 16:00:00'),
('E016', 'R008', 'PRJ16', '2024-05-13 09:00:00', '2024-05-14 17:00:00'),
('E027', 'R023', 'PRJ16', '2024-06-10 10:00:00', '2024-06-14 17:00:00'),
('E034', 'R035', 'PRJ16', '2024-07-15 13:00:00', '2024-07-15 16:00:00'),
('E015', 'R048', 'PRJ24', '2024-08-12 10:00:00', '2024-08-12 12:00:00'),
('E027', 'R037', 'PRJ24', '2024-09-09 09:00:00', '2024-09-13 17:00:00'),
('E016', 'R008', 'PRJ24', '2024-10-07 09:00:00', '2024-10-08 17:00:00');